case_id,patient_uid_hash,pathology_uid_hash,sex,age_at_scan,scan_year,phase,layer,match_status_simplified,label_5,label_5_id,label_5_source,pathology_class_5class,tensor,fold
G0257,92292a41d3c276fede668581,2710d1336ea74bf8db56abb5,女,51,2017,薄层静脉期,薄层,matched,胃肠道间质瘤,4,from_pathology_class,胃肠道间质瘤,data/cache_96slice/tensors/G0257.pt,0
G0098,75afcb1e30afdcb74f89cdac,7b4e5986cdb7f4a580261d1a,女,71,2023,薄层静脉期,薄层,matched,肉瘤类,0,from_label_4,平滑肌肉瘤,data/cache_96slice/tensors/G0098.pt,0
G0020,3725dfcac2ac7cbee66b89b9,3e7a233caf9d08e6242aebc6,女,67,2018,薄层静脉期,薄层,matched,淋巴瘤,3,from_label_4,淋巴瘤,data/cache_96slice/tensors/G0020.pt,0
G0023,11479a22d228c5baccaabf3a,85bcb55caa5613569a16ea2f,女,49,2022,薄层静脉期,薄层,matched,淋巴瘤,3,from_label_4,淋巴瘤,data/cache_96slice/tensors/G0023.pt,0
G0065,848b9e11d8291ea89ac01682,79b1ffa6d6c3089c7927f713,男,55,2020,薄层静脉期,薄层,matched,淋巴瘤,3,from_label_4,淋巴瘤,data/cache_96slice/tensors/G0065.pt,0
G0348,fb628b2b2808022ebafa4b7d,fdf57581aab63bd543e694a8,男,68,2022,薄层静脉期,薄层,matched,肉瘤类,0,from_label_4,脂肪肉瘤,data/cache_96slice/tensors/G0348.pt,0
G0094,068d4285b67b094b9a82df81,1455fd69131302de5d0c511f,女,68,2018,薄层静脉期,薄层,ambiguous,肉瘤类,0,from_label_4,平滑肌肉瘤,data/cache_96slice/tensors/G0094.pt,0
G0156,ad928e2f4abbfc4426f235e1,a541412fa6c5af8335cc9541,女,76,2024,薄层静脉期,薄层,matched,良性神经源性肿瘤,1,from_label_4,神经鞘瘤,data/cache_96slice/tensors/G0156.pt,0
G0396,96c790d143b12ebc93a93083,0ba265d4ea3e4a0c88bbcb54,女,65,2020,薄层静脉期,薄层,matched,肉瘤类,0,from_label_4,脂肪肉瘤,data/cache_96slice/tensors/G0396.pt,0
G0391,316514b50d01eb520c6ca670,f649a8665808b1db584c36a3,女,35,2018,薄层静脉期,薄层,matched,肉瘤类,0,from_label_4,脂肪肉瘤,data/cache_96slice/tensors/G0391.pt,0
G0405,467a830d18ff2608ae77cfec,d1cc354bd075006147f3b491,男,74,2023,薄层静脉期,薄层,matched,肉瘤类,0,from_label_4,脂肪肉瘤,data/cache_96slice/tensors/G0405.pt,0
G0018,561da1dcf558d422cd92f50f,917bd7241da5f68c0e3b8472,男,72,2020,薄层静脉期,薄层,matched,PPGL,2,from_label_4,副神经节瘤,data/cache_96slice/tensors/G0018.pt,0
G0103,49d09e02d7f36da3ce5627bc,714cb10fae8e78b3a3f70207,女,70,2023,薄层门脉期,薄层,ambiguous,肉瘤类,0,from_label_4,平滑肌肉瘤,data/cache_96slice/tensors/G0103.pt,0
G0277,38a3f5ebcaf95dea3697ed3e,3b6ceb5b14b09c75d3a8ee26,女,27,2023,薄层静脉期,薄层,matched,良性神经源性肿瘤,1,from_label_4,节细胞神经瘤,data/cache_96slice/tensors/G0277.pt,0
G0024,b4731593494906e3d9d30c46,780601e80e879b2f067387bf,女,69,2021,薄层静脉期,薄层,matched,淋巴瘤,3,from_label_4,淋巴瘤,data/cache_96slice/tensors/G0024.pt,0
G0378,342756e3bd74a5bcea426772,2d17c80b98911c3173bb1c80,男,53,2022,薄层静脉期,薄层,matched,肉瘤类,0,from_label_4,脂肪肉瘤,data/cache_96slice/tensors/G0378.pt,0
G0054,1c5cf3a82a32866a7a568096,4691dc013260192df903a062,男,69,2018,薄层静脉期,薄层,matched,淋巴瘤,3,from_label_4,淋巴瘤,data/cache_96slice/tensors/G0054.pt,0
G0261,67dd0e901647f29c7358ca31,d2d72b222315063016c7dba0,女,24,2018,薄层门脉期,薄层,matched,良性神经源性肿瘤,1,from_label_4,节细胞神经瘤,data/cache_96slice/tensors/G0261.pt,0
G0365,1b1a2a5030163e5afcdb69ee,a5a0cda1f35fb979533ed306,女,54,2023,薄层静脉期,薄层,no_pathology_name_match,肉瘤类,0,LPS_manual_match,脂肪肉瘤,data/cache_96slice/tensors/G0365.pt,0
G0057,5e6a54ea86dd6822616ea359,728293774dbd99b210277681,女,25,2021,薄层静脉期,薄层,matched,淋巴瘤,3,from_label_4,淋巴瘤,data/cache_96slice/tensors/G0057.pt,0
G0178,a6b312ee3d23b48794bdb53c,9cdcadf2e91c06e1f1689ae9,男,67,2024,薄层静脉期,薄层,matched,良性神经源性肿瘤,1,from_label_4,神经鞘瘤,data/cache_96slice/tensors/G0178.pt,0
G0335,29472323fd8d777059001994,db82da85cfc34407fc0795e1,女,77,2018,薄层静脉期,薄层,matched,肉瘤类,0,from_label_4,脂肪肉瘤,data/cache_96slice/tensors/G0335.pt,0
G0412,ebc9da995c38f6e9a71b8ee8,5135e766bd86dc3b2904695c,女,37,2023,薄层静脉期,薄层,matched,良性神经源性肿瘤,1,from_label_4,节细胞神经瘤,data/cache_96slice/tensors/G0412.pt,0
G0238,e11b46ba9a07ed8c7835830e,6ff86d33a95ec9d6681ac597,女,52,2023,薄层静脉期,薄层,matched,PPGL,2,from_pathology_class,嗜铬细胞瘤,data/cache_96slice/tensors/G0238.pt,0
G0074,882467158c1df1911907abcc,1fb003f219023dd7df7c574d,女,67,2021,薄层静脉期,薄层,matched,PPGL,2,from_label_4,副神经节瘤,data/cache_96slice/tensors/G0074.pt,0
G0279,787c4fee26c94a6c0ac7d4ba,1e2bb865fbcd0c712cc9d634,男,62,2021,薄层静脉期,薄层,matched,肉瘤类,0,from_label_4,脂肪肉瘤,data/cache_96slice/tensors/G0279.pt,0
G0289,f2819329659fe18bacbe2145,57bb3ec7dccf35560e54bbb2,男,65,2024,薄层静脉期,薄层,matched,肉瘤类,0,from_label_4,脂肪肉瘤,data/cache_96slice/tensors/G0289.pt,0
G0216,a7ed0a1a0e8921a4f5ca82f0,3225a31037fa8defb8ecf1f5,男,60,2024,薄层静脉期,薄层,matched,PPGL,2,from_pathology_class,嗜铬细胞瘤,data/cache_96slice/tensors/G0216.pt,0
G0012,42ddc82fd8898915f9830092,99b4a5df927db03853452446,男,74,2023,薄层静脉期,薄层,matched,淋巴瘤,3,from_label_4,淋巴瘤,data/cache_96slice/tensors/G0012.pt,0
G0071,a009a99a08be03998d91db99,9fbbeb98cc825a1e28a6a8c1,女,76,2021,薄层静脉期,薄层,matched,淋巴瘤,3,from_label_4,淋巴瘤,data/cache_96slice/tensors/G0071.pt,0
G0331,fbc138688494ad3b7f1c8ee3,a80d47460128b964488c2380,男,67,2022,薄层静脉期,薄层,matched,肉瘤类,0,from_label_4,脂肪肉瘤,data/cache_96slice/tensors/G0331.pt,0
G0379,5f8a8b6d652285702c1c3212,214f71d5098bb2faf6e78dec,男,52,2021,薄层静脉期,薄层,matched,肉瘤类,0,from_label_4,脂肪肉瘤,data/cache_96slice/tensors/G0379.pt,0
G0221,5e2ffce038fb13b902a09a8f,2bfa05a6071a142ad43345bd,男,61,2023,薄层静脉期,薄层,matched,PPGL,2,from_pathology_class,嗜铬细胞瘤,data/cache_96slice/tensors/G0221.pt,0
G0017,e113a1e066fe9da4253d3a54,9a6efa0ef522fa553955df8a,女,45,2022,薄层静脉期,薄层,matched,淋巴瘤,3,from_label_4,淋巴瘤,data/cache_96slice/tensors/G0017.pt,0
G0162,91cbb06505e1af87d852ca7c,6a659fbf424f26b3efdf5aff,男,58,2024,薄层静脉期,薄层,matched,良性神经源性肿瘤,1,from_label_4,神经鞘瘤,data/cache_96slice/tensors/G0162.pt,0
G0021,b897c6c581b1e97c19785fc5,58c0f6dfbf0e75e3bf14e4f5,男,83,2019,薄层静脉期,薄层,matched,淋巴瘤,3,from_label_4,淋巴瘤,data/cache_96slice/tensors/G0021.pt,0
G0370,814175eaa344eb5dafe5357c,848db12850e40991de5f8ec6,女,60,2021,薄层静脉期,薄层,matched,肉瘤类,0,from_label_4,脂肪肉瘤,data/cache_96slice/tensors/G0370.pt,0
G0080,0e11db2216e7d5c1a2d52843,57df24652c350fd670b63ed0,男,66,2016,薄层静脉期,薄层,matched,淋巴瘤,3,from_label_4,淋巴瘤,data/cache_96slice/tensors/G0080.pt,0
G0172,3f8bbcb1782d25c14e055927,6e16459d535f361daa2f4055,男,37,2024,薄层静脉期,薄层,matched,良性神经源性肿瘤,1,from_label_4,神经鞘瘤,data/cache_96slice/tensors/G0172.pt,0
G0329,88be4b45399d902ea6374cb2,c03060ba108f518efc52cb9c,女,58,2022,薄层静脉期,薄层,matched,肉瘤类,0,from_label_4,脂肪肉瘤,data/cache_96slice/tensors/G0329.pt,0
G0159,da5c3158f2a6bc34608907b0,f3f6825a509cdda6b9dfd95f,女,70,2024,薄层静脉期,薄层,matched,良性神经源性肿瘤,1,from_label_4,神经鞘瘤,data/cache_96slice/tensors/G0159.pt,0
G0285,4612cf45662445d043f963d1,2b1b01406fe9a55813dc1e2f,男,67,2020,薄层静脉期,薄层,matched,良性神经源性肿瘤,1,from_label_4,节细胞神经瘤,data/cache_96slice/tensors/G0285.pt,0
G0385,c6454838ccff225356f9e8b9,dc150e9767e44d5b3ceecc42,男,73,2023,薄层静脉期,薄层,matched,肉瘤类,0,from_label_4,脂肪肉瘤,data/cache_96slice/tensors/G0385.pt,0
G0088,21c8c1dc2293c35358836b2f,57334260fcc4bbd5d7996c47,男,43,2021,薄层静脉期,薄层,matched,淋巴瘤,3,from_label_4,淋巴瘤,data/cache_96slice/tensors/G0088.pt,0
G0009,f837fcfb196c173cadf54110,8c573e7568f7bcf301e74c2d,男,76,2024,薄层静脉期,薄层,matched,PPGL,2,from_label_4,副神经节瘤,data/cache_96slice/tensors/G0009.pt,0
G0207,d1de1f41ca0d6810753680e2,9dcfdf55f4e5f02a7fb7e5ee,男,29,2023,薄层静脉期,薄层,matched,良性神经源性肿瘤,1,from_label_4,神经鞘瘤,data/cache_96slice/tensors/G0207.pt,0
G0248,75fd5bc38c57789f4672d8af,93e9ceb424fcd02db31d86dc,男,73,2021,薄层静脉期,薄层,matched,胃肠道间质瘤,4,from_pathology_class,胃肠道间质瘤,data/cache_96slice/tensors/G0248.pt,0
G0366,ccac15c121a9467b04f43fc8,bbad50782e5083f39544fb2d,女,71,2019,薄层门脉期,薄层,ambiguous,肉瘤类,0,from_label_4,脂肪肉瘤,data/cache_96slice/tensors/G0366.pt,0
G0013,ddaed5ae128069d42ca48b00,d1a507df4c458f0338888aca,男,86,2021,薄层静脉期,薄层,matched,淋巴瘤,3,from_label_4,淋巴瘤,data/cache_96slice/tensors/G0013.pt,0
